Model,MAE,RMSE,R²
Linear Regression,4.2597423666546606,5.369954989993318,0.7510104003125381
Random Forest,3.940337550076265,5.074889432853386,0.777621352144733
XGBoost,4.2583043314203515,5.708727423071691,0.7186036045555918
